applicant_income,loan_amount,credit_history,debt_to_income,loan_term,employment_length,loan_to_income,approved
151958,43463.3,1,0.1,24,7,0.28602179549612394,1
176867,45992.2,1,0.10232245495840586,12,18,0.26003833388930664,1
161932,59618.14,1,0.1,24,14,0.36816774942568486,1
133694,44998.61,1,0.1,12,6,0.3365791284575224,1
149879,21807.76,1,0.1,12,14,0.14550243863383128,1
140268,27144.19,1,0.1,24,8,0.19351662531724984,1
84886,14816.57,1,0.18259671609166542,36,7,0.17454668614376928,1
167337,54080.62,1,0.1,24,11,0.32318387445693425,1
198266,21821.1,1,0.1,24,12,0.11005971775291779,1
117498,31838.07,1,0.24817764842270815,12,6,0.2709669100750651,1
142727,46919.73,1,0.1,24,14,0.3287375899444394,1
156324,56750.25,1,0.1,12,11,0.36302966914869117,1
46023,9325.39,0,0.20819542846188305,36,4,0.20262455728657408,0
71090,24623.95,0,0.2296681330940432,60,13,0.34637712758475175,0
97221,12948.82,1,0.1,60,10,0.13318953723989674,1
94820,33560.18,1,0.1,36,14,0.3539356675806792,1
30769,4253.71,1,0.3612481963535975,36,11,0.13824661184958886,1
89735,19668.67,1,0.10439594816106448,36,8,0.21918615924667073,1
94925,32197.48,1,0.12878085681291798,60,18,0.33918862259678695,1
35311,5119.22,0,0.20250440088378768,60,2,0.1449752201863442,0
133355,22507.05,1,0.1,24,8,0.1687754489895392,1
115305,36514.3,1,0.1,12,6,0.3166757729500022,1
189765,59967.82,1,0.1,24,15,0.316010960925355,1
160608,46952.83,1,0.1,12,17,0.2923442792388922,1
186730,57547.3,1,0.1,12,9,0.30818454452953464,1
114478,30086.8,1,0.20850386562072948,24,14,0.2628173098761334,1
152537,26776.3,1,0.18740301166564638,12,18,0.1755397051207248,1
179503,36566.34,1,0.1,24,13,0.20370879595327096,1
160523,24797.48,1,0.12046796868186688,12,15,0.15447929580184772,1
32747,12199.41,1,0.13129685212681816,36,4,0.3725351940635783,1
153855,42312.82,1,0.17654079020527996,12,16,0.27501751649280165,1
95725,21083.95,1,0.1,36,14,0.22025541916949595,1
159981,38171.75,1,0.1606099241447329,24,7,0.2386017714603609,1
114654,44048.35,1,0.2686197175863804,24,12,0.3841850262529,1
196845,28740.44,1,0.1,12,7,0.1460054357489395,1
149346,41199.92,1,0.19376549271672877,12,10,0.2758689218325231,1
97435,24530.88,1,0.13294591182684146,36,8,0.25176661363986247,1
86886,24626.64,1,0.1,60,12,0.28343622677991853,1
96803,10206.24,1,0.1,36,15,0.105433096081733,1
61551,22259.13,0,0.2143223741515144,60,5,0.3616371789247941,0
146216,55508.78,1,0.1,24,12,0.379635470810308,1
41394,11157.34,0,0.26614930584689844,36,8,0.26954002995603227,0
99092,30618.96,1,0.29428713470491785,60,10,0.3089952771162152,1
33890,12768.05,0,0.10826305991349106,36,7,0.37674977869578047,0
71606,22353.36,1,0.27382604651535336,36,4,0.3121716057313633,1
117313,17099.74,1,0.2285335175118478,24,12,0.14576168029118683,1
171699,46854.34,1,0.13408263712808832,12,19,0.2728865048718979,1
38792,10939.91,0,0.40647024176217894,60,6,0.28201459063724477,0
184969,42032.21,1,0.1,24,7,0.22723921305732311,1
98148,31498.96,1,0.2946271631966014,60,10,0.3209332844275991,1
154243,58660.17,1,0.1,12,19,0.3803100951096646,1
150174,56716.3,1,0.1,24,13,0.37767056880685074,1
184555,43416.9,1,0.1,12,11,0.2352518219500962,1
154358,20679.56,1,0.1,24,16,0.13397141709532387,1
78555,31064.76,1,0.1,60,7,0.3954523582203551,1
47159,16584.38,1,0.26192807341955493,60,9,0.3516694586399203,1
140510,19305.91,1,0.1,12,18,0.1373988328232866,1
136530,51369.76,1,0.1,24,17,0.376252545228155,1
110077,39734.37,1,0.10588012498110252,12,10,0.36096886724747224,1
65920,16852.54,1,0.2768107643914431,60,1,0.255651395631068,0
49457,13718.51,0,0.20064426581437678,36,13,0.2773825747619144,0
108953,23937.06,1,0.1,12,18,0.21970078841335255,1
82995,9662.98,1,0.1,36,17,0.11642845954575576,1
39692,7960.59,0,0.16342773758800488,60,5,0.20055905472135444,0
67065,22859.51,0,0.33634762737271284,36,3,0.3408560351897413,0
129299,13109.57,1,0.1,12,14,0.10138956991160024,1
193678,38745.24,1,0.1,12,6,0.20004977333512325,1
41534,9114.66,1,0.10576234827732825,60,3,0.21945057061684403,1
70397,18389.01,1,0.1,60,9,0.2612186598860747,1
121387,45636.25,1,0.19644283584059358,12,18,0.37595665104170956,1
31016,6324.28,0,0.32951257690797875,36,6,0.20390379159143668,0
85591,17467.92,1,0.1,36,11,0.20408594361556703,1
53247,17105.62,1,0.16498680839457344,36,7,0.32125039908351644,1
54300,12796.63,0,0.1,60,4,0.23566537753222835,0
112798,18880.29,1,0.1,12,10,0.1673814252025745,1
39268,9256.72,1,0.2864376046804273,36,12,0.23573189365386574,1
116807,16616.63,1,0.1,24,11,0.14225714212333165,1
42185,6450.77,1,0.1311839755636663,60,2,0.15291620244162618,0
169643,42327.68,1,0.1,24,19,0.24951032462288453,1
68044,15356.01,1,0.3317244098624199,36,8,0.2256776497560402,1
81214,30410.89,1,0.3348740061691856,60,12,0.37445378875563323,1
144752,30212.37,1,0.1,24,10,0.20871815242621863,1
78984,21655.56,1,0.2464351693981568,36,7,0.27417654208447284,1
70774,20501.76,0,0.10714162656093729,36,3,0.28967926074547146,0
32568,3384.74,0,0.19184727449179204,36,5,0.10392839597150577,0
150151,44904.34,1,0.10140398933880906,12,7,0.29906121171354166,1
163767,25123.62,1,0.13983657285816353,12,13,0.15341076040960633,1
154375,59947.07,1,0.1716214378010194,24,16,0.3883211012145749,1
166330,24051.12,1,0.1,12,6,0.14459880959538265,1
69504,15595.81,0,0.10384046372020114,36,1,0.22438722951197052,0
194231,24396.37,1,0.1,12,6,0.12560492403375362,1
43986,17553.15,0,0.11242855330492013,60,2,0.3990622016096031,0
91858,23024.99,1,0.1419136115334071,60,5,0.2506585164057567,1
159312,44386.79,1,0.1,24,8,0.2786154840815507,1
42666,5125.17,0,0.27732042948315044,36,8,0.12012304879763747,0
68660,22313.69,1,0.1,36,7,0.3249882027381299,1
164633,26830.52,1,0.1,12,10,0.16297170069184186,1
56854,21002.79,1,0.35358763467017484,60,10,0.3694162240123826,1
94505,15266.52,1,0.1,60,5,0.1615419289984657,1
134488,21142.36,1,0.1,24,7,0.15720629349830467,1
52662,5843.63,1,0.1,36,4,0.11096483232691505,1
38392,9276.28,0,0.1,60,9,0.241620129193582,0
60535,16311.3,1,0.1,60,1,0.2694523829189725,0
143569,17187.02,1,0.1,24,9,0.11971261205413425,1
82256,27363.14,1,0.28219614180240016,60,16,0.33265828632561756,1
119135,28114.27,1,0.1,12,15,0.23598665379611367,1
157478,40521.78,1,0.16522766823011825,24,17,0.25731708556115773,1
65222,15146.43,1,0.20220491719567746,60,3,0.23222884916132594,1
107373,23646.64,1,0.1,24,12,0.22022892160971566,1
153684,41170.73,1,0.1,12,14,0.2678921032768538,1
40965,6004.33,0,0.22474935409050711,36,7,0.1465721957768827,0
54538,8430.4,0,0.2944345015029301,36,2,0.15457845905607098,0
138066,49501.59,1,0.1,24,8,0.3585357003172396,1
143252,54985.08,1,0.1,12,14,0.38383464105213194,1
169182,35865.37,1,0.11927372101330036,12,15,0.21199282429572888,1
188338,34131.25,1,0.10190660526016215,12,5,0.1812233856152237,1
128806,37765.9,1,0.19941129099458982,12,13,0.2931998509386209,1
167982,37396.2,1,0.1,12,15,0.22262028074436546,1
140989,15172.66,1,0.1301682012027527,12,11,0.10761591329820057,1
120982,17765.7,1,0.1,24,11,0.14684581177365227,1
151626,47730.6,1,0.1,24,16,0.31479165842269796,1
149176,44406.29,1,0.1,24,9,0.29767717327183996,1
161278,17438.8,1,0.1,12,11,0.1081288210419276,1
152409,25390.07,1,0.1,12,16,0.16659167109553896,1
53419,9045.04,1,0.12578787962687754,60,5,0.16932252569310546,1
80015,24129.95,1,0.28198208064797403,36,6,0.30156783103168155,1
152096,16108.97,1,0.1,24,18,0.10591317325899431,1
137059,17986.61,1,0.1,12,17,0.13123260785501134,1
140687,47830.04,1,0.1,12,8,0.33997483776041854,1
117939,18111.11,1,0.24043580820124313,24,18,0.15356336750353997,1
179213,53015.48,1,0.1,24,18,0.2958238520643034,1
135878,23296.94,1,0.1,24,11,0.17145483448387522,1
194899,25304.21,1,0.1,12,7,0.1298324260257877,1
92623,16019.3,1,0.24908437116420648,60,6,0.1729516426805437,1
105450,33393.91,1,0.1,12,14,0.3166800379326695,1
123426,44027.16,1,0.13059522298951817,24,6,0.35670895921442813,1
147845,51607.66,1,0.11275912634075469,24,17,0.34906598126416183,1
183371,40186.68,1,0.1,12,5,0.21915504632684557,1
73585,22106.81,1,0.1,60,9,0.30042549432628934,1
139225,22484.18,1,0.1719032334068229,24,16,0.16149527742862274,1
94044,17675.04,1,0.12754982109440352,36,10,0.18794436646676024,1
139556,51482.31,1,0.1,24,10,0.36890072802315915,1
32693,3396.82,0,0.2047052741750776,36,1,0.10390052916526474,0
125259,15739.11,1,0.1,12,8,0.1256525279620626,1
55939,9082.58,1,0.1,36,8,0.1623657913083895,1
182906,19746.47,1,0.1,12,10,0.10795966234021848,1
48047,7419.93,1,0.1,36,3,0.15443066164380712,1
56105,15423.96,0,0.1544163313929169,36,7,0.27491239639960785,0
105766,23948.32,1,0.1,12,14,0.22642739632774236,1
176779,65019.58,1,0.1,24,10,0.3678014922586959,1
183048,63194.22,1,0.12313526518893314,12,7,0.3452330536252786,1
74262,15041.41,0,0.1,36,9,0.20254517788370902,0
155117,27584.0,1,0.1,24,10,0.1778270595743858,1
53776,11503.1,0,0.11402500490201094,60,8,0.21390769116334424,0
191152,52966.02,1,0.1,12,5,0.2770884950196702,1
158376,28574.05,1,0.1,12,11,0.18041906602010405,1
167848,48213.44,1,0.1,12,11,0.28724464992135745,1
122787,27359.83,1,0.24116419991971413,12,14,0.22282350737455922,1
157948,41953.22,1,0.1,12,17,0.265614126168106,1
85016,19624.92,1,0.195186876721369,60,11,0.23083795991342804,1
170546,32120.59,1,0.1,12,19,0.188339744115957,1
51959,19980.11,1,0.33545215163620995,36,12,0.38453607652187305,1
166602,54825.68,1,0.1,24,15,0.329081763724325,1
149101,21177.4,1,0.1,12,14,0.14203392331372694,1
33748,12167.52,1,0.16262205360921245,60,5,0.3605404764726799,1
43545,10722.06,0,0.29795853323940513,60,1,0.24622941784361005,0
157659,58076.16,1,0.11139378660225441,12,8,0.3683656499153236,1
195838,66576.42,1,0.1,12,17,0.3399565967789704,1
103530,23559.71,1,0.1,12,11,0.22756408770404712,1
123557,13188.57,1,0.21366207869966009,24,15,0.10674077551251648,1
91087,16450.6,1,0.24050340787789576,36,13,0.18060315961663023,1
98840,25944.54,1,0.2962633611049904,36,9,0.26249028733306357,1
148451,43057.24,1,0.10479730387283237,12,17,0.29004344868003584,1
81005,14367.56,1,0.1,36,6,0.17736633541139435,1
69353,9834.73,1,0.1975491335978551,60,6,0.14180684325119317,1
82733,28996.18,1,0.19893970169892816,36,14,0.35047901079375826,1
95318,37681.17,1,0.1,60,5,0.3953206110073648,1
184736,47607.77,1,0.1,12,11,0.2577070522258791,1
97172,14721.93,1,0.18938433138904384,36,10,0.15150382826328573,1
123264,22396.11,1,0.1,24,11,0.18169222157320872,1
56736,5986.62,0,0.29878068697022286,36,11,0.10551713197969544,0
142859,53470.64,1,0.1,24,17,0.37428961423501494,1
142181,19240.69,1,0.1965267142790379,12,14,0.135325324762099,1
161926,44198.5,1,0.1,12,7,0.2729549300297667,1
120084,21881.29,1,0.1,24,19,0.18221653176110056,1
199695,53169.47,1,0.1,24,7,0.2662533864142818,1
37392,11046.57,1,0.14383996488237227,60,8,0.295426026957638,1
85680,29895.68,1,0.2144096656284969,60,17,0.348922502334267,1
80859,13093.21,1,0.24188411300877247,36,6,0.16192643985208818,1
155657,16079.17,1,0.1,24,5,0.10329872732996268,1
187381,26433.03,1,0.1,12,13,0.14106568969105726,1
100467,37173.35,1,0.10262222223642237,12,13,0.37000557396956213,1
128506,46540.64,1,0.1,12,11,0.36216705834747015,1
139751,39021.82,1,0.19366794502786894,12,11,0.27922390537455904,1
148906,41716.77,1,0.13319052794928848,12,7,0.28015506426873327,1
173760,52043.03,1,0.1,12,14,0.29951099217311233,1
55342,8445.82,1,0.275046654293999,60,9,0.15261139821473746,1
198229,74201.79,1,0.1,12,6,0.3743235853482588,1
136308,30755.33,1,0.1957818084386303,12,15,0.22563114417348945,1
136081,29249.46,1,0.1056761709013142,12,11,0.21494154216973713,1
119045,30436.87,1,0.15350242466232658,12,13,0.25567533285732286,1
64698,7381.38,0,0.31528036151493816,36,3,0.11408977093573218,0
140078,20995.59,1,0.1,24,17,0.14988499264695385,1
110623,35555.35,1,0.20158236154668124,12,18,0.3214101045894615,1
52671,6575.43,0,0.1,36,5,0.12483966509084696,0
186256,52327.81,1,0.1,24,10,0.2809456339661541,1
123384,21420.05,1,0.1,24,11,0.1736047623678921,1
116202,25191.28,1,0.2590061873556562,24,14,0.21678869554740882,1
81663,15238.98,1,0.27928888949917074,60,11,0.18660813342639873,1
45708,9447.93,1,0.2890519446361039,36,7,0.20670189025991073,1
121906,38487.4,1,0.1470107046461561,12,6,0.31571374665726054,1
79811,15095.17,1,0.1652071177610284,36,18,0.1891364598864818,1
163883,44235.53,1,0.15107026684340763,12,8,0.26992140734548425,1
86250,20942.8,1,0.12600350115294467,36,9,0.2428150724637681,1
142547,42636.0,1,0.1,12,18,0.2991013490287414,1
154249,58776.42,1,0.1,24,16,0.38104895331574273,1
64754,20706.49,0,0.2849742609044232,60,14,0.3197715971214134,0
172483,28370.37,1,0.1,12,5,0.16448212287587763,1
163983,17932.35,1,0.1,24,14,0.10935493313331258,1
169752,30331.15,1,0.1,24,7,0.17867919081954853,1
114896,32001.22,1,0.20580693108720427,12,19,0.27852336025623176,1
101295,11692.25,1,0.1,24,19,0.11542771114072758,1
130689,32529.78,1,0.12010191185162045,24,14,0.24890985469320293,1
41111,11472.14,1,0.4058808438904228,36,4,0.2790528082508331,0
67504,13519.24,0,0.14005653125928144,36,8,0.20027316899739275,0
162874,53955.87,1,0.1,12,12,0.331273683952012,1
38155,5035.68,0,0.30563840401735276,36,1,0.13197955706984668,0
69384,8502.41,0,0.28808325680623403,60,7,0.1225413640032284,0
142561,45399.5,1,0.1,12,18,0.3184566606575431,1
77254,19209.01,1,0.3323061101024585,36,15,0.2486474486757967,1
51918,15913.94,1,0.1,36,10,0.30652066720597865,1
115981,26727.61,1,0.1,24,5,0.23044817685655408,1
60306,10488.46,0,0.26676957892902003,60,12,0.1739206712433257,0
177718,61442.57,1,0.1,24,15,0.34573070820063245,1
76843,26113.15,1,0.1,36,6,0.3398247075205289,1
150975,46562.04,1,0.11805139270547255,24,14,0.30840894187779433,1
126601,22996.25,1,0.1,24,6,0.1816435099248821,1
137512,38100.34,1,0.1,24,19,0.2770692012333469,1
177443,36959.99,1,0.1,12,8,0.20829218396893648,1
141472,18034.09,1,0.163174303563565,24,6,0.1274746239538566,1
163121,61202.03,1,0.1,24,11,0.37519405839836684,1
192688,27177.79,1,0.1,24,17,0.14104557626837166,1
133727,51494.42,1,0.1,12,19,0.385071227201687,1
142893,33408.63,1,0.16277961367634175,24,13,0.2338017257668325,1
50932,7921.96,0,0.26721719768355917,60,10,0.15553993560040838,0
147796,38806.84,1,0.12308055887654895,12,16,0.2625702996021543,1
59855,21660.55,1,0.1,60,4,0.3618837189875532,1
37400,11955.56,0,0.2751496398427996,36,7,0.3196673796791444,0
147858,50562.76,1,0.1,24,14,0.34196837506256006,1
45151,13438.52,1,0.3428301507153084,36,9,0.29763504684281633,1
96690,29749.87,1,0.26905482419250426,36,15,0.30768300754990174,1
34499,12238.82,1,0.1,60,12,0.35475868865764226,1
36295,6348.01,0,0.2970179676235171,36,11,0.1749003995040639,0
150885,37242.57,1,0.1,12,9,0.24682751764588926,1
156071,25964.41,1,0.1,12,15,0.16636280923425878,1
89040,35286.59,1,0.1,36,9,0.39630042677448335,1
42183,16165.28,1,0.1383446398088565,60,2,0.3832178839816988,0
190371,21288.82,1,0.1,12,13,0.1118280620472656,1
173946,54214.19,1,0.1,24,17,0.31167253055545974,1
146336,55252.74,1,0.1,24,12,0.37757448611414823,1
62711,9668.32,0,0.26765762023611217,36,13,0.15417263319034938,0
35539,9609.16,1,0.19073295422954792,36,10,0.2703835223275838,1
156063,58468.46,1,0.1,24,12,0.3746465209562805,1
163629,18029.26,1,0.1,12,5,0.11018376938073324,1
68360,21138.69,1,0.1,36,2,0.30922600936220007,0
163272,30891.83,1,0.1,24,12,0.18920470135724438,1
51357,19377.96,1,0.2714635532887607,60,14,0.37731876861966235,1
149121,58353.65,1,0.1,24,13,0.3913174536114967,1
107505,41204.51,1,0.1,24,6,0.3832799404678852,1
32869,7962.98,0,0.18383041880512546,60,5,0.2422641394627156,0
80108,28727.75,1,0.3175634330777214,60,16,0.35861274779048286,1
142296,50282.4,1,0.1,24,18,0.35336481700118066,1
124179,24305.57,1,0.12023365946688278,12,12,0.1957301153979336,1
120272,41935.8,1,0.11236886145505595,12,13,0.34867467074630837,1
68467,7606.84,0,0.1,36,6,0.11110228285159274,0
53328,14872.16,1,0.16067754564091205,60,10,0.2788808880888089,1
121412,20518.95,1,0.15755191934532733,24,5,0.16900265212664317,1
165059,22476.09,1,0.1,24,9,0.13617003616888507,1
88871,10938.77,1,0.1,60,6,0.12308593354412577,1
183471,56671.74,1,0.1,24,18,0.30888663603512273,1
158391,31989.04,1,0.1,12,12,0.20196248524221705,1
116416,36953.93,1,0.259315496376874,12,14,0.3174299924409016,1
100271,11993.1,1,0.1,12,15,0.11960686539478015,1
74064,14411.9,0,0.159352397752238,60,13,0.19458711384748326,0
137450,35990.92,1,0.1,24,9,0.2618473626773372,1
49830,16803.52,1,0.38861061816389775,36,2,0.3372169375877985,0
178501,34919.39,1,0.1,24,11,0.19562573879137932,1
167965,48334.85,1,0.1,12,17,0.28776739201619383,1
146381,53545.19,1,0.10239199393384252,24,12,0.36579330650835834,1
77333,22021.26,1,0.22715577121097816,60,14,0.284758899822844,1
164508,27947.91,1,0.1,24,17,0.16988784739951857,1
106213,11398.8,1,0.1,12,5,0.10732019620950353,1
166967,60280.04,1,0.1,12,6,0.3610296645444908,1
180810,19234.72,1,0.1,24,14,0.10638084176760136,1
60746,22014.99,0,0.1,36,5,0.36241052908833504,0
79377,20533.33,1,0.134461879023556,36,9,0.25868110409816447,1
84045,32081.68,1,0.1,36,17,0.3817202689035636,1
127888,43435.24,1,0.1,12,6,0.3396349931189791,1
137455,54896.81,1,0.1,24,5,0.39938023353097374,1
166672,34203.35,1,0.15407093267995697,24,13,0.20521353316693866,1
123179,40668.35,1,0.1,24,18,0.33015652018607067,1
75714,16700.94,1,0.1,36,5,0.22057928520484982,1
132946,32433.86,1,0.1,12,17,0.24396266153174972,1
139616,40244.54,1,0.20133728833822645,24,19,0.2882516330506532,1
135983,49239.87,1,0.1,24,8,0.3621031305383761,1
154123,60913.27,1,0.1,24,6,0.3952250475269752,1
179661,59374.73,1,0.1,24,15,0.330482018913398,1
73484,16558.15,0,0.20249151131610643,60,3,0.22533000381035329,0
112989,25581.51,1,0.13342392804747527,12,12,0.2264070838754215,1
66212,21272.24,1,0.1,36,9,0.32127469340904974,1
73525,12619.33,0,0.1,60,5,0.17163318599115948,0
193707,25790.58,1,0.1,24,15,0.13314221995075037,1
93208,19236.89,1,0.1,36,16,0.20638668354647668,1
63828,11882.97,0,0.24275451522101898,60,3,0.18617174280879864,0
179783,33959.65,1,0.1,12,17,0.18889244255574777,1
33420,5684.15,1,0.2771629668317943,60,12,0.17008228605625372,1
126752,14275.82,1,0.1,24,15,0.11262796642262055,1
161373,17002.61,1,0.1,12,19,0.10536217334994083,1
145294,57582.44,1,0.1,24,16,0.3963167095681859,1
154019,35167.46,1,0.1384002534446766,12,9,0.22833195904401404,1
95726,20609.62,1,0.28724149156935824,60,11,0.2152980381505547,1
171564,52137.3,1,0.1,12,7,0.30389417360285376,1
145668,24104.58,1,0.1,12,14,0.16547615124804352,1
36102,13898.85,1,0.40569050351323194,60,11,0.3849883662954961,0
148015,49718.76,1,0.1,24,14,0.3359035232915583,1
56641,7183.4,0,0.3399155299319092,60,1,0.12682332585935982,0
195656,44076.26,1,0.1,24,14,0.22527425685897698,1
193817,70498.12,1,0.1,12,14,0.36373548243962084,1
184165,70612.47,1,0.1,24,18,0.3834195965574349,1
133746,32128.52,1,0.10455275417878912,12,16,0.2402204178068877,1
66631,18924.76,0,0.12999867634667928,36,1,0.28402335249358407,0
102991,15460.0,1,0.1,24,6,0.1501102038042159,1
34014,13515.48,1,0.2651424227217053,60,2,0.3973505027341683,0
41093,6965.33,0,0.11905461567184351,60,9,0.16950161828048574,0
48070,18402.13,1,0.18396169845715615,60,13,0.38281942999791974,1
65777,19397.24,1,0.3514784060335269,60,4,0.29489395989479605,1
86958,24550.07,1,0.1,60,14,0.2823210055429058,1
112074,28445.12,1,0.2117726426657707,24,7,0.25380659207309453,1
40729,6891.39,0,0.1,60,12,0.169201060669302,0
188823,28882.07,1,0.1,12,16,0.15295843197068154,1
135864,22573.24,1,0.21907478177557743,24,5,0.16614585173408705,1
160858,25082.83,1,0.1,24,16,0.15593150480548063,1
135510,45243.45,1,0.1,12,5,0.3338753597520478,1
84748,17376.52,1,0.10393711705304573,60,12,0.20503752300939257,1
35801,4201.35,1,0.1,60,7,0.1173528672383453,1
180262,70433.91,1,0.1,24,7,0.39073076965749853,1
59592,21759.17,0,0.34663546553942354,36,3,0.3651357564773795,0
40647,15377.8,1,0.19231438908350354,60,12,0.37832558368391267,1
169788,67655.82,1,0.1,12,11,0.39847233020001416,1
140627,21399.01,1,0.1,12,14,0.15216857360250877,1
100316,21956.42,1,0.18874712714000044,12,7,0.2188725627018621,1
32368,10599.6,1,0.1,36,5,0.32747157686604056,1
107575,33219.83,1,0.12063159579387889,12,8,0.30880622821287473,1
36655,5357.82,1,0.27200667395495165,36,7,0.14616887191379074,1
100031,34485.68,1,0.1550132987583742,12,9,0.344749927522468,1
117922,19732.14,1,0.1,12,10,0.16733213480097012,1
154046,25748.06,1,0.1,12,11,0.16714526829648288,1
174475,45554.08,1,0.1,24,18,0.26109230548789225,1
62097,17255.64,1,0.1,60,5,0.2778820232861491,1
172038,47142.86,1,0.10691201866179284,12,8,0.27402585475301966,1
154862,19736.55,1,0.1,24,12,0.12744604874016865,1
148834,54062.2,1,0.1,12,17,0.36323823857451926,1
123848,22253.01,1,0.1,24,10,0.17968001098120276,1
82921,11513.95,1,0.1,36,18,0.1388544518276432,1
156141,57245.1,1,0.1,12,5,0.36662439717947237,1
52677,20369.96,1,0.1,36,9,0.38669552176471705,1
85609,30702.66,1,0.1,36,13,0.3586382272891869,1
61024,20922.37,0,0.1615282066387282,60,6,0.3428547784478238,0
100313,29750.09,1,0.19246738991446607,12,10,0.29657262767537607,1
157813,41861.04,1,0.1,24,14,0.26525723482856295,1
125285,15797.94,1,0.1185786674392319,24,12,0.12609602107195594,1
176410,39257.57,1,0.1,24,17,0.22253596734878975,1
143632,30422.2,1,0.19333228407071484,12,11,0.21180656121198618,1
180580,32129.9,1,0.1,24,16,0.17792612692435486,1
33051,10478.03,0,0.35593412739826513,36,11,0.3170261111615382,0
144692,35993.98,1,0.13980952201670704,24,8,0.24876275122328811,1
117235,14573.94,1,0.2386142032531045,12,11,0.12431389943276326,1
193165,32076.01,1,0.1,12,13,0.16605497890404575,1
103523,31572.2,1,0.1,12,18,0.30497763781961496,1
124476,15290.54,1,0.1,12,15,0.12283926218708828,1
47019,16708.77,0,0.30311459746717556,36,10,0.3553620876666879,0
113613,28237.82,1,0.16794095734161021,12,14,0.24854391662925898,1
116672,28488.5,1,0.1,24,18,0.2441759805266045,1
103847,28840.63,1,0.1,24,11,0.27772232226255933,1
112750,39169.83,1,0.1,24,5,0.34740425720620843,1
58251,11903.17,1,0.351804643385343,60,11,0.20434275806423924,1
133481,40498.78,1,0.1,12,13,0.30340482915171446,1
142566,38452.84,1,0.1,12,17,0.2697195684805634,1
55945,10076.17,0,0.1,60,13,0.1801084994190723,0
120852,43940.46,1,0.1,12,19,0.36358901797239596,1
62217,21105.74,0,0.3337044356612678,36,6,0.33922786376713765,0
38308,11397.99,0,0.28996921901073425,36,9,0.29753550172287774,0
35949,12768.17,0,0.3430568107009332,36,4,0.3551745528387438,0
162222,58430.46,1,0.1,12,17,0.36018826053186376,1
130235,40699.6,1,0.1,12,14,0.31250892617192,1
104740,36774.63,1,0.1,12,15,0.3511039717395455,1
146352,45258.1,1,0.1,24,6,0.3092414179512408,1
96617,29375.65,1,0.1,60,18,0.3040422492936026,1
46896,13392.72,0,0.18322620592589822,36,7,0.28558341862845443,0
160798,52390.4,1,0.1,24,18,0.32581499769897637,1
168877,24923.13,1,0.13675824858757069,24,5,0.14758155343830126,1
35237,12835.47,0,0.1,36,13,0.3642611459545364,0
50056,18097.9,0,0.32978529493880304,60,11,0.3615530605721592,0
144548,15723.09,1,0.1,24,16,0.10877417881949249,1
141488,49201.75,1,0.1,24,5,0.3477450384484903,1
164415,22797.94,1,0.1,12,17,0.13866094942675547,1
174572,35007.91,1,0.1,12,18,0.2005356529111198,1
59375,19181.24,1,0.18230249705205218,60,14,0.32305246315789476,1
170734,25307.55,1,0.1,12,18,0.14822794522473554,1
46964,16220.9,1,0.20251029175326607,60,6,0.34539008602333704,1
143429,50148.55,1,0.18398625154337095,24,16,0.34964024011880446,1
97215,24521.54,1,0.1,60,14,0.25224029213598725,1
99042,10093.94,1,0.20769229123020175,60,9,0.10191575291290564,1
174356,32449.65,1,0.1,12,16,0.18611146160728625,1
123468,35198.02,1,0.1151334858097352,24,8,0.2850780769106165,1
39435,15551.42,0,0.12522463919409177,60,1,0.39435577532648664,0
108832,31511.66,1,0.1,24,6,0.28954406792119963,1
81293,14465.36,1,0.1,36,14,0.17794102813280357,1
108781,31568.43,1,0.1,24,13,0.29020168963329995,1
190196,49830.52,1,0.1,12,11,0.2619956255652064,1
73919,24685.52,0,0.2178497539955873,60,4,0.33395365197040006,0
196319,25932.6,1,0.1,12,17,0.13209419363383065,1
151172,49631.03,1,0.12330627423646473,24,11,0.3283083507527849,1
124758,32734.0,1,0.12453772394979365,24,5,0.2623799676173071,1
86573,33668.03,1,0.1,36,18,0.3888975777667402,1
89101,18048.45,1,0.1,60,16,0.202561699644224,1
56646,16415.25,0,0.1106307501289876,36,2,0.28978656921936236,0
134185,50937.76,1,0.1,24,8,0.3796084510191154,1
53049,6936.31,1,0.1999042638838893,60,6,0.1307528888386209,1
128116,48833.79,1,0.1,24,15,0.38116855037622155,1
127379,39024.56,1,0.1,24,18,0.3063657274747015,1
98385,11840.74,1,0.1,36,7,0.12035106977689689,1
156131,29710.02,1,0.11916023916243262,12,11,0.19028905214211145,1
53289,16650.23,1,0.30913913932787423,60,10,0.3124515378408302,1
140226,16855.89,1,0.1,12,12,0.12020516879893885,1
130793,35922.45,1,0.20392937754930374,12,6,0.2746511663468228,1
39823,8114.53,1,0.4014800068010025,60,12,0.2037649097255355,0
71975,20604.62,1,0.1,36,2,0.28627467870788464,0
39540,4496.59,0,0.16268997951722197,36,7,0.11372255943348508,0
46364,16758.78,0,0.2095256613687835,36,1,0.3614610473643344,0
165683,64955.47,1,0.14508232501346946,12,16,0.39204667950242333,1
57663,22526.82,1,0.33520177325692463,60,6,0.3906633369751834,1
81991,26638.51,1,0.1,60,18,0.32489553731507115,1
134182,18654.77,1,0.1,12,10,0.139025875303692,1
192049,62892.01,1,0.1,24,17,0.32747897671948306,1
124704,13390.23,1,0.1,24,8,0.1073761066204773,1
79115,8436.59,1,0.1,36,10,0.10663704733615623,1
121007,23848.43,1,0.20151270846726194,12,6,0.1970830613105027,1
179143,44175.4,1,0.1,24,16,0.2465929453006816,1
41938,13886.6,1,0.35128734994072147,36,11,0.33112213267203966,1
196267,59859.2,1,0.1,12,15,0.30498861245140546,1
121680,28445.23,1,0.1559823414662959,12,10,0.23377079224194608,1
34000,6190.99,0,0.20768424049988693,36,12,0.1820879411764706,0
131042,52303.76,1,0.1,12,9,0.3991373758031776,1
123610,28165.08,1,0.1,24,7,0.2278543807135345,1
133691,31473.01,1,0.10207616698996314,24,12,0.23541607138850035,1
68304,10183.25,0,0.1,60,4,0.14908716912625908,0
99449,33657.8,1,0.17868183620406278,60,7,0.33844281993785763,1
112986,34811.51,1,0.1,12,10,0.30810463243233677,1
181836,30226.76,1,0.1,24,8,0.16623088937284144,1
138940,17327.81,1,0.1,24,15,0.1247143371239384,1
68494,20832.44,0,0.1,36,10,0.30414985254182847,0
33373,9890.2,1,0.3207498471414122,60,13,0.2963533395259641,1
173233,31524.57,1,0.1,24,9,0.1819778564130391,1
127532,49132.86,1,0.1,12,11,0.3852590722328514,1
122658,17824.34,1,0.1,12,15,0.14531738655448484,1
153633,35289.57,1,0.1,24,9,0.2297004549803753,1
130386,49948.89,1,0.1,12,15,0.3830847637016244,1
57350,12956.41,0,0.1,60,11,0.2259182214472537,0
123008,35863.94,1,0.21032621399325868,12,7,0.29155778485952133,1
124297,27255.64,1,0.1,24,14,0.21927834139198854,1
55351,10088.53,1,0.13100653088688627,36,7,0.1822646383985836,1
118668,46896.8,1,0.1,24,11,0.39519331243469175,1
144585,32213.57,1,0.1,12,9,0.22280022132309713,1
176377,64947.26,1,0.1,12,9,0.3682297578482455,1
105353,17803.22,1,0.132395073238261,24,13,0.16898636014161914,1
95953,15729.71,1,0.1,60,19,0.16393140391650077,1
87458,9562.68,1,0.1,60,7,0.10934025475085184,1
50358,14880.79,1,0.15569714765095946,60,13,0.29550001985781804,1
33267,7004.63,1,0.12714734837053365,36,6,0.21055791024138035,1
112745,40510.12,1,0.1,12,5,0.35930746374562067,1
119588,28935.87,1,0.24476912108538212,12,14,0.24196298959761847,1
68513,26751.45,0,0.20949419437028963,36,3,0.3904580152671756,0
187164,29133.51,1,0.1,12,12,0.15565765852407512,1
41338,14905.94,1,0.1836340414093288,36,4,0.36058686922444244,1
161484,53770.79,1,0.1,24,13,0.33297905674865624,1
37543,12437.12,1,0.24127600153523232,36,3,0.33127666941906614,1
135891,48028.63,1,0.10678992281444294,12,10,0.3534349589008838,1
194568,63878.07,1,0.1,24,12,0.3283071728136179,1
90692,26107.15,1,0.1,60,14,0.28786607418515414,1
74425,10372.87,0,0.15119510083065082,36,11,0.1393734632180047,0
68756,7546.51,1,0.1272712380136408,60,1,0.10975783931584153,0
48888,18394.32,1,0.3504347865077537,36,6,0.37625429553264605,1
196807,56089.03,1,0.1,12,11,0.28499509671912077,1
77295,26200.0,1,0.15841162656639274,60,18,0.33896112297043796,1
144352,35287.81,1,0.1,12,11,0.2444566753491465,1
113042,15282.43,1,0.1161711557293646,24,18,0.13519249482493234,1
115999,15956.33,1,0.1,12,14,0.13755575479098958,1
47955,14658.39,1,0.13897263022630085,36,7,0.30566969033468877,1
67841,15541.81,1,0.1,36,6,0.22909169970961513,1
100640,16118.24,1,0.17554945880974762,24,16,0.16015739268680446,1
195983,48501.55,1,0.1,24,11,0.24747835271426605,1
168429,20087.29,1,0.1,24,18,0.11926265666838846,1
193551,53147.44,1,0.1,24,6,0.27459139968277096,1
91476,16529.53,1,0.1,60,13,0.18069799728890637,1
74811,25380.96,1,0.15350002558351164,60,2,0.3392677547419497,0
197280,38096.46,1,0.1,12,14,0.19310857664233577,1
181222,42870.97,1,0.1,24,5,0.23656603502885964,1
101180,10470.73,1,0.21474324542912512,24,5,0.10348616327337418,1
142856,17390.44,1,0.1,24,7,0.12173405387243097,1
98450,21437.3,1,0.1,36,18,0.21774809547993904,1
182424,44508.11,1,0.1,12,19,0.2439816581151603,1
141888,39729.51,1,0.1,12,7,0.28000613159675236,1
140448,26333.83,1,0.1,24,5,0.18749878958760538,1
44397,13696.23,0,0.11251495340908606,60,11,0.30849449287113995,0
161800,57930.34,1,0.1,12,11,0.3580367119901112,1
149180,49819.45,1,0.1,24,8,0.33395528891272286,1
96234,10767.2,1,0.12179463973903146,60,14,0.11188561215370868,1
69954,17079.41,1,0.2945390812828995,36,3,0.24415201418074733,1
109459,14391.57,1,0.2096373451602777,24,6,0.13147909262829005,1
177851,30699.48,1,0.1,24,14,0.1726134798229979,1
185538,73472.82,1,0.1,24,9,0.3959987711412218,1
198011,28265.81,1,0.1,24,10,0.14274868567907845,1
196342,49020.01,1,0.1,12,13,0.24966644935877194,1
89163,25451.29,1,0.10219164521170196,60,8,0.28544676603523883,1
81934,25460.13,1,0.1,36,6,0.31073949764444553,1
193379,51805.19,1,0.1,12,9,0.2678946007580968,1
84098,8656.31,1,0.28482795070893896,36,7,0.10293122309686317,1
35486,7024.04,0,0.2155519024560681,60,2,0.1979383418813053,0
169407,43251.89,1,0.1,24,16,0.2553134758303966,1
116900,14771.48,1,0.1,24,5,0.12635996578272027,1
156020,32013.44,1,0.10937506378504136,24,14,0.2051880528137418,1
132795,14602.26,1,0.19511961141849155,12,6,0.10996091720320796,1
172202,21279.61,1,0.1,12,10,0.12357353573129232,1
117508,25743.3,1,0.1,12,12,0.21907699901283317,1
148324,20737.88,1,0.15429218125313549,24,17,0.1398147299155902,1
90566,24476.57,1,0.1,36,7,0.2702622396925999,1
57192,17548.76,1,0.20232038570702532,36,5,0.3068394181004336,1
31062,10566.55,0,0.4251023248203036,36,1,0.34017609941407506,0
114076,18257.3,1,0.1,24,13,0.16004505768084434,1
119780,17996.32,1,0.1197672029808382,24,19,0.15024478210051762,1
182617,23990.46,1,0.1,12,16,0.1313703543481713,1
51689,15037.83,0,0.1468095713866002,36,10,0.2909290177794115,0
41174,12843.93,0,0.3391778180773788,36,5,0.31194273084956525,0
118461,12968.62,1,0.1,24,12,0.1094758612539148,1
156174,59481.0,1,0.1865249415611802,12,14,0.3808636520803719,1
133033,15377.47,1,0.1,12,15,0.11559139461637338,1
39348,10324.48,0,0.14976886105438142,36,5,0.2623889397173935,0
184786,57785.94,1,0.1,24,9,0.3127181712900328,1
68102,24604.62,0,0.10400421371446475,60,10,0.361290710992335,0
104460,32824.06,1,0.1,12,14,0.31422611525942945,1
132634,45164.32,1,0.1,24,9,0.3405184191082226,1
119930,24206.08,1,0.1,24,8,0.20183507045776705,1
36801,12676.01,0,0.21209340789568998,60,8,0.3444474334936551,0
133150,16515.19,1,0.12279510089552192,24,8,0.12403447239954937,1
184697,68050.69,1,0.1,12,17,0.36844502076373736,1
31542,8335.85,0,0.3204222620916617,36,11,0.2642777883456978,0
51677,17838.35,1,0.1,36,1,0.3451893492269288,0
69081,16282.08,1,0.1,60,5,0.23569548790550224,1
123105,36078.79,1,0.11846371535994263,24,18,0.2930733114008367,1
49065,12654.88,0,0.19546574727189886,60,4,0.2579207174156731,0
118092,37727.66,1,0.1,24,6,0.31947684855875086,1
84693,10543.35,1,0.25241185697272894,60,9,0.12448903687435799,1
56962,6727.53,0,0.295199829316135,36,7,0.11810557915803517,0
58295,10150.96,1,0.2027776651974251,60,11,0.1741308860108071,1
43807,6477.45,1,0.1,36,5,0.14786335517154792,1
187504,67789.27,1,0.1,12,6,0.3615350605853742,1
198152,32846.51,1,0.1,12,18,0.16576421131252778,1
162396,63782.58,1,0.1,12,11,0.39275955072785046,1
121267,24383.0,1,0.1581647969583362,12,8,0.20106871613876817,1
196981,30460.23,1,0.1,12,12,0.15463537092409926,1
49870,16801.68,0,0.20746322656184996,36,10,0.33690956486865853,0
195650,58227.85,1,0.1,12,11,0.2976123179146435,1
56790,14166.76,0,0.2548829893518755,60,11,0.2494587075189294,0
148874,39691.16,1,0.1,24,5,0.2666090788183296,1
55289,17458.08,0,0.2863232748796349,60,14,0.31576045868075026,0
45485,7665.88,1,0.1,60,9,0.16853644058480818,1
74482,29710.88,1,0.1,36,11,0.39890013694583926,1
116188,45596.58,1,0.2237878068877314,24,10,0.39243794539883636,1
34748,10254.06,0,0.3304951193808283,36,8,0.29509784735812133,0
170507,27257.72,1,0.12227739548012923,24,16,0.15986276223263562,1
33709,10249.84,0,0.3360681284655683,60,5,0.30406834969889346,0
153961,18730.82,1,0.1,12,16,0.12165951117490793,1
60355,6590.51,0,0.2409430948111495,60,6,0.10919575842929335,0
174188,30884.38,1,0.10727516957600403,24,11,0.1773048660068432,1
186542,44543.78,1,0.1,24,18,0.2387868683728061,1
72918,26285.61,0,0.20712052973135495,36,3,0.36048177404756027,0
82224,26159.62,1,0.1,60,10,0.3181506616073166,1
69298,22370.22,1,0.1509724880464411,60,5,0.322811913763745,1
110219,25091.13,1,0.16612084478323966,12,7,0.22764795543418104,1
91629,18672.2,1,0.1,60,6,0.20378046251732532,1
96040,20294.37,1,0.1,36,10,0.21131164098292377,1
58016,22991.44,1,0.10949872328976623,36,10,0.3962948152233866,1
53960,6045.29,0,0.1,36,14,0.11203280207561156,0
63591,22899.72,1,0.1,60,2,0.3601094494503939,0
133333,36480.26,1,0.1,12,12,0.273602634006585,1
144821,33538.32,1,0.1734934055534137,24,12,0.23158464587318137,1
66395,21085.54,1,0.17003385869548734,36,9,0.31757722720084347,1
159695,39285.08,1,0.1,24,12,0.2460006888130499,1
183772,66530.42,1,0.1,12,10,0.36202696819972574,1
64620,23923.01,1,0.2492224580551701,60,10,0.3702106159083875,1
158148,35823.1,1,0.1,24,13,0.22651630118623062,1
50559,9254.74,1,0.3276143786341437,60,6,0.18304831978480587,1
123396,34267.7,1,0.11701230745630808,12,11,0.27770511199714737,1
51732,19332.71,0,0.31503258021654745,36,4,0.37370892291038427,0
121362,19806.12,1,0.1,12,5,0.16319869481386265,1
191426,54918.2,1,0.1,24,15,0.28688997314889303,1
43843,12691.15,0,0.11793879387748753,36,5,0.28946810209155394,0
144065,46091.28,1,0.1874973917801167,12,12,0.3199339187172457,1
101726,14187.76,1,0.15109771261334978,12,16,0.13947034189882626,1
47640,14994.57,0,0.13452472007013686,36,7,0.31474748110831235,0
82528,30758.99,1,0.1,36,8,0.3727097469949593,1
68413,10529.1,0,0.1,60,8,0.15390495958370487,0
82638,14152.83,1,0.21258038355749118,36,14,0.17126297829085893,1
140133,54850.65,1,0.1,24,15,0.39141850955877633,1
136357,21038.94,1,0.1,24,14,0.15429306892935454,1
180159,64193.45,1,0.1,24,18,0.3563155323908325,1
185576,45964.09,1,0.1,24,13,0.24768337500538862,1
168186,29292.84,1,0.1,24,8,0.17416931254682316,1
108859,39322.59,1,0.1934920972578613,12,14,0.3612249791014064,1
129657,30286.78,1,0.14502653237231272,24,14,0.23359155309778878,1
172047,43776.53,1,0.1,12,14,0.25444518067737304,1
41023,8523.35,0,0.1,36,9,0.20777003144577433,0
51447,14296.36,1,0.2766855313949543,36,11,0.2778852022469726,1
155899,23237.86,1,0.1,12,11,0.1490571459727131,1
53959,11726.61,1,0.16502049056133888,60,13,0.21732445004540485,1
96203,37598.41,1,0.1,36,13,0.3908236749373721,1
149156,26466.25,1,0.1,12,8,0.1774400627530907,1
190775,56664.18,1,0.1,24,12,0.29702099331673437,1
39337,7771.3,1,0.3730003090404991,36,1,0.19755700739761548,0
76427,25376.97,1,0.1,60,11,0.33204194852604446,1
91529,12746.52,1,0.13987686782920322,36,17,0.1392620917960428,1
132023,51613.91,1,0.1,12,19,0.3909463502571522,1
114665,27076.63,1,0.1374089565222633,24,11,0.23613683338420619,1
135787,23194.48,1,0.1,24,12,0.17081517376479338,1
192993,23554.61,1,0.1,12,5,0.1220490380480121,1
63307,9554.76,0,0.3286332755736143,60,5,0.15092738559716934,0
188427,48224.53,1,0.1,24,6,0.2559321647110021,1
157016,31576.07,1,0.1463523582761872,24,6,0.2011009706017221,1
34835,12145.75,0,0.42879306939951156,60,10,0.34866513563944307,0
50159,11499.77,0,0.32984826564957925,60,4,0.22926633306086644,0
151790,26504.7,1,0.13436853910209162,24,9,0.17461426971473748,1
135616,38670.02,1,0.1,24,6,0.28514349339310996,1
199160,62144.53,1,0.1,24,8,0.31203318939546093,1
108752,16325.04,1,0.1,12,7,0.15011254965425924,1
85284,12816.97,1,0.1,60,7,0.1502857511373763,1
87043,9661.9,1,0.32547104481331635,36,6,0.11100145904897579,1
196619,63099.09,1,0.1,24,17,0.3209206129621247,1
127007,37993.05,1,0.14525956481953856,24,10,0.2991413859078634,1
112844,27352.17,1,0.1969780212107266,24,6,0.24238922760625287,1
57532,20323.24,0,0.32814530840289174,60,1,0.35325106027949665,0
195421,66775.56,1,0.10820931896086261,12,18,0.3417010454352398,1
152402,42002.95,1,0.1,12,12,0.27560629125602026,1
148012,53355.57,1,0.1,24,12,0.3604813798881172,1
166785,26977.87,1,0.1,12,17,0.16175237581317264,1
86178,11511.3,1,0.1,36,18,0.13357585462647079,1
79407,14366.7,1,0.1,36,16,0.1809248554913295,1
80990,9486.04,1,0.1,36,9,0.11712606494628967,1
159473,41359.46,1,0.1,12,14,0.2593508619013877,1
88141,33580.11,1,0.15019027649002836,60,11,0.3809817224674102,1
184865,20668.47,1,0.1,24,8,0.11180304546561004,1
86570,11828.32,1,0.18859680219708794,36,5,0.13663301374610143,1
198964,46887.8,1,0.1,24,15,0.23565971733579946,1
31015,11790.74,0,0.1,36,5,0.38016250201515395,0
91813,17889.47,1,0.22211535457457093,60,14,0.1948468081862046,1
57712,14553.26,0,0.23407323394560361,36,10,0.2521704324923759,0
130497,14677.24,1,0.143927049800384,12,8,0.11247185759059596,1
169487,24491.37,1,0.1,12,5,0.1445029412285308,1
142816,56553.57,1,0.14921585113226088,12,19,0.3959890348420345,1
158778,61849.68,1,0.1,24,17,0.3895355779767978,1
92292,9365.98,1,0.14077414028505605,60,12,0.10148203527933082,1
53833,20754.97,1,0.24217961924581266,36,6,0.38554362565712486,1
165230,48203.54,1,0.11531329874734564,24,8,0.2917360043575622,1
50309,18130.13,1,0.23415660262356286,36,4,0.36037547953646465,1
36970,8740.52,1,0.2584401519552717,60,7,0.23642196375439548,1
102474,26097.96,1,0.2913236628263063,24,6,0.2546788453656537,1
76540,18878.9,1,0.2496120668274272,60,9,0.24665403710478184,1
181456,54447.56,1,0.1,12,18,0.3000592981218587,1
48017,6813.39,1,0.28692480001317106,60,1,0.14189537038965366,0
105880,11540.08,1,0.1,24,14,0.10899206649036645,1
135570,26080.82,1,0.1,12,11,0.1923789924024489,1
38702,12051.97,0,0.26133675075510376,36,1,0.31140432019017106,0
161456,25922.74,1,0.14836083924558063,24,10,0.16055606481022694,1
30404,9182.91,0,0.41084780800618514,60,4,0.3020296671490593,0
190261,74387.03,1,0.1,24,16,0.390973609935825,1
42763,5480.94,1,0.22554498648867805,60,14,0.12817014708977387,1
179456,54156.35,1,0.1,24,6,0.3017806593259629,1
128142,29873.11,1,0.24196844379955335,12,9,0.23312504877401632,1
170932,61611.19,1,0.1505831631471743,24,13,0.3604426906606136,1
110642,16944.26,1,0.13851957188297895,24,12,0.1531449178431337,1
80612,24811.39,1,0.26054162387098934,60,6,0.3077877983426785,1
53574,18827.76,0,0.27889206451348003,60,8,0.3514346511367454,0
53524,20520.26,0,0.23021528761578727,60,6,0.3833842762125401,0
40916,12478.33,0,0.1,36,12,0.30497433766741616,0
34809,8672.75,0,0.21228773702106446,60,13,0.24915251802694705,0
193273,55151.26,1,0.1,24,10,0.28535418811732627,1
174528,62947.27,1,0.1,12,17,0.3606714681884855,1
151288,41026.72,1,0.1,24,7,0.27118290941779916,1
68765,7503.37,1,0.3391467946632122,36,8,0.1091161201192467,1
195888,74297.3,1,0.1,12,7,0.37928459119496855,1
75106,23046.88,1,0.14993177848622424,36,14,0.3068580406359013,1
83932,25427.54,1,0.20848959062032912,60,12,0.30295405804699044,1
178172,29345.38,1,0.1,12,15,0.1647025346294592,1
87091,25924.0,1,0.1852735827075262,36,14,0.2976656600567223,1
51949,11333.16,1,0.10621728538074408,60,8,0.2181593485918882,1
67744,20009.54,1,0.1,60,11,0.2953699220595182,1
138319,18255.05,1,0.1,24,16,0.13197789168516255,1
122193,36334.53,1,0.1,24,6,0.2973536127274066,1
66187,26463.16,1,0.1,36,6,0.3998241346487981,1
168311,19265.48,1,0.1,12,16,0.11446358229705723,1
154454,60723.94,1,0.1,24,16,0.39315226539940695,1
44489,9879.78,0,0.27812623664126124,60,11,0.22207242239654748,0
91877,33188.36,1,0.2511928319080603,36,17,0.36122598691729163,1
79922,26751.14,1,0.1,60,9,0.33471559770776504,1
124074,33512.99,1,0.1,24,10,0.27010485677901896,1
193121,62095.11,1,0.1,12,16,0.3215347372890571,1
67131,24405.79,1,0.2096169700610464,60,11,0.3635546915731927,1
145765,32249.35,1,0.1,24,19,0.22124206771172777,1
103963,20596.1,1,0.22733598999545707,24,9,0.19810990448524954,1
136884,41103.26,1,0.14735637392980017,24,11,0.3002780456444873,1
155917,53378.77,1,0.17253405877152989,24,14,0.3423537523169378,1
54285,17842.69,1,0.2058040315408473,36,11,0.328685456387584,1
67626,22948.48,0,0.16014625306396216,60,2,0.33934403927483514,0
49198,11348.75,1,0.16235887995629206,36,2,0.23067502744013985,0
180830,62449.69,1,0.1,24,11,0.3453502737377648,1
45254,6157.38,1,0.23853489315280899,36,9,0.13606266849339285,1
74238,19550.33,1,0.1,36,10,0.26334666882189717,1
31252,3179.19,0,0.40601900488519016,36,2,0.10172756943555612,0
69764,13769.72,0,0.19374832171083903,36,7,0.1973757238690442,0
107709,22612.26,1,0.12171807220324404,24,19,0.20993844525527114,1
198513,43444.93,1,0.1,24,9,0.2188518132313753,1
83682,25827.63,1,0.1,60,17,0.3086402093640209,1
89494,19381.49,1,0.1,36,9,0.2165674793840928,1
111317,26115.87,1,0.1,12,15,0.2346081011884977,1
95215,16306.83,1,0.1,60,14,0.17126324633723677,1
108587,23017.79,1,0.1255647822160557,24,8,0.21197555876854504,1
36949,6214.12,1,0.37849120225586297,36,10,0.16818100625186067,1
85393,10414.43,1,0.2823799266074889,60,13,0.12195882566486714,1
168013,47217.46,1,0.1,12,9,0.281034562801688,1
55934,16806.14,0,0.1,60,2,0.3004637608610148,0
184458,52726.79,1,0.1,24,6,0.28584713051209487,1
105745,25278.15,1,0.24294737412528328,24,19,0.239048181947137,1
124456,26625.59,1,0.1,24,14,0.21393576846435688,1
83413,29945.27,1,0.22814443430827094,60,12,0.35900003596561686,1
127239,32538.13,1,0.1,12,19,0.2557245027075032,1
72318,17627.84,1,0.27642012494117185,36,5,0.2437545286097514,1
100390,10811.26,1,0.2981151599614411,24,12,0.10769259886442872,1
73088,14791.14,1,0.1,36,12,0.2023743979859895,1
133196,28511.76,1,0.19255434631637275,12,7,0.21405868044085408,1
85479,18775.19,1,0.17809421343946324,60,19,0.21964681383731674,1
49963,13692.45,1,0.38942704766592845,60,12,0.27405179833076476,1
85123,22138.85,1,0.11575780701057103,60,8,0.2600807067420086,1
155911,44024.83,1,0.12713317222854953,24,9,0.28237154530469305,1
132468,43643.57,1,0.1,12,10,0.32946500286861735,1
103477,35585.3,1,0.1,24,5,0.3438957449481528,1
44388,14001.61,1,0.1,36,4,0.31543682977381277,1
35569,13753.01,0,0.41899925339162825,60,9,0.38665720149568444,0
99836,10529.68,1,0.22711756290873472,36,16,0.10546977042349454,1
134573,21361.23,1,0.17187296849838818,12,14,0.1587334012023214,1
197658,20214.26,1,0.1,24,17,0.10226886844954415,1
173087,50929.54,1,0.1,24,9,0.29424243299612335,1
75002,27706.43,1,0.10423503700533335,60,11,0.36940921575424657,1
167326,28954.88,1,0.1,24,17,0.17304471510703656,1
178216,67385.32,1,0.1,12,9,0.3781103829061364,1
185286,21878.61,1,0.1,12,17,0.11808021113305917,1
167162,63576.86,1,0.1,12,17,0.38033081681243347,1
172709,35489.42,1,0.1,24,5,0.20548680149847431,1
183487,23931.52,1,0.1,12,15,0.13042624273109266,1
54071,13288.57,1,0.1,60,4,0.24576149877013556,1
88243,15621.92,1,0.1,60,12,0.17703296578765454,1
155827,28899.97,1,0.17757671916491935,24,17,0.1854618904297715,1
138215,26563.12,1,0.1272870027673894,12,11,0.19218695510617514,1
131570,44853.24,1,0.22396458610782483,24,15,0.34090780573078966,1
194506,50911.63,1,0.1,12,18,0.2617483779420686,1
99724,19285.85,1,0.1,36,17,0.19339226264489992,1
145359,41151.15,1,0.12859927888367467,24,19,0.28310011763977466,1
105697,33278.19,1,0.1,12,8,0.31484517062925155,1
58732,10676.73,0,0.10228934948213932,36,2,0.18178727099366615,0
151465,33937.96,1,0.1,24,19,0.22406470141616874,1
172386,23542.04,1,0.1,12,9,0.13656584641444203,1
185026,28557.8,1,0.1,12,14,0.1543447947855977,1
87108,26510.04,1,0.1,60,13,0.30433530789364927,1
141195,21804.96,1,0.1,24,16,0.1544315308615744,1
133081,34274.88,1,0.1,12,16,0.25754901150427184,1
66668,20848.01,1,0.1,36,4,0.3127138957220855,1
53061,7007.4,1,0.31748745611667056,36,12,0.13206309719002657,1
109252,29519.2,1,0.1,12,5,0.27019368066488486,1
69749,12343.4,1,0.1,36,7,0.1769688454314757,1
160560,62438.26,1,0.12474356874325604,12,13,0.3888780518186348,1
134680,33005.18,1,0.1,12,16,0.24506370656370657,1
177979,60832.82,1,0.1,12,9,0.34179774018283055,1
179849,47672.21,1,0.1,12,10,0.2650679736890391,1
81745,9239.13,1,0.1,36,8,0.11302379350418985,1
138464,40147.0,1,0.1,12,10,0.2899454009706494,1
121865,46969.33,1,0.17779195619339005,12,16,0.3854209986460428,1
142428,39948.71,1,0.1,24,12,0.2804835425618558,1
53624,18540.86,1,0.22503163382171398,60,14,0.3457567507086379,1
53321,19476.13,1,0.19556150415594553,36,1,0.365261904315373,0
171560,28894.81,1,0.1,24,6,0.1684239333177897,1
52574,8601.81,1,0.24445139421159295,36,2,0.1636133830410469,0
166312,47115.24,1,0.1,12,6,0.28329429024965125,1
171550,38308.58,1,0.1,24,17,0.22330853978431944,1
180334,63470.06,1,0.1,24,11,0.35195836614282383,1
148831,55068.5,1,0.1,12,14,0.3700069206012188,1
165504,34098.2,1,0.1,12,17,0.20602644044856921,1
125257,21426.61,1,0.1784384844741418,24,14,0.17106117821758465,1
94291,31508.06,1,0.1,60,18,0.3341576608584064,1
157600,28752.83,1,0.1,12,15,0.1824418147208122,1
80428,27891.17,1,0.12251656965257518,36,14,0.3467843288407022,1
161374,36651.5,1,0.1,12,10,0.2271214693816848,1
161127,48380.79,1,0.1,24,8,0.3002649462846078,1
141317,18181.93,1,0.1,12,9,0.12866059992782186,1
169789,48756.24,1,0.1,12,5,0.2871578253008145,1
157449,37084.01,1,0.12998318946327547,12,11,0.2355302986998965,1
58699,16199.9,0,0.1081521986889882,36,3,0.27598255506908126,0
103686,15594.82,1,0.1078370821455612,24,13,0.150404297590803,1
97661,31355.25,1,0.24072123137568002,60,12,0.32106214353733836,1
74247,26642.73,0,0.3472864523860226,36,2,0.35883914501596026,0
177820,29344.2,1,0.10016772441750527,24,7,0.16502193229108086,1
135113,17390.98,1,0.1,12,14,0.12871433540813984,1
34621,3707.62,1,0.10882460688746018,60,13,0.10709164957684641,1
176106,51527.11,1,0.1,24,13,0.29259145060361375,1
166198,46889.14,1,0.1,12,19,0.28212818445468657,1
166194,43876.75,1,0.1,12,10,0.26400923017678135,1
48030,8145.13,0,0.19721234532546741,36,12,0.16958421819696023,0
112838,24516.52,1,0.20961616843272024,24,9,0.21727184104645597,1
114717,31930.66,1,0.1,12,17,0.27834287856202655,1
68638,17092.93,0,0.3066418699246583,36,1,0.24903012908301525,0
97067,38471.11,1,0.1,36,10,0.3963356238474456,1
148033,20862.58,1,0.1,12,7,0.1409319543615275,1
135977,41954.8,1,0.1,12,14,0.3085433565970716,1
118869,26305.19,1,0.16724078346994742,24,16,0.22129562796019145,1
135186,30884.58,1,0.1,24,10,0.2284598996937553,1
64674,20390.38,1,0.1,60,5,0.31527940130500665,1
196926,60600.2,1,0.1,12,19,0.3077308227455999,1
76271,30308.33,1,0.1,60,6,0.39737685358786434,1
103688,14362.68,1,0.11971492717242183,24,12,0.13851824704883883,1
199590,26192.77,1,0.1,24,8,0.13123287739866726,1
141076,44763.65,1,0.1,12,13,0.31730166718648106,1
171339,46863.97,1,0.1,24,11,0.27351607048015925,1
31062,5660.99,0,0.1298066903190474,36,4,0.18224808447620885,0
80448,9961.54,1,0.16016890711069928,36,6,0.12382582537788386,1
125462,15770.26,1,0.1,12,8,0.12569750203248792,1
167301,61609.81,1,0.1,12,9,0.36825727281964843,1
77915,12276.3,1,0.1,36,7,0.15756016171468906,1
34632,6822.9,0,0.2590869667357905,60,13,0.1970114345114345,0
134592,22611.04,1,0.1,12,17,0.16799690917736568,1
164668,34003.76,1,0.1,12,9,0.20649889474579156,1
139779,16889.1,1,0.1,12,6,0.12082716287854398,1
167240,42766.27,1,0.1,24,15,0.2557179502511361,1
138099,16611.07,1,0.15408638062426677,12,7,0.12028378192456136,1
37561,12774.76,0,0.13916102706435615,60,8,0.3401070259045286,0
112152,19078.58,1,0.2465455127457798,24,19,0.170113595834225,1
155036,40619.99,1,0.1778986101380764,24,13,0.2620035991640651,1
154049,56077.49,1,0.1,12,11,0.36402371972554187,1
56734,16751.46,0,0.1,60,4,0.29526315789473684,0
167443,43516.32,1,0.1,12,13,0.259887364655435,1
56069,11062.42,1,0.30695490533928566,60,2,0.1973001123615545,0
42910,8577.73,0,0.1611362914788282,60,9,0.19990048939641109,0
103479,31131.25,1,0.1,24,17,0.3008460653852473,1
111264,44309.98,1,0.1001859643712752,12,13,0.39824183922922063,1
53275,15905.34,0,0.3314983405984139,60,7,0.2985516658845612,0
102274,27341.42,1,0.21382255485740093,12,17,0.2673350020533078,1
130776,41743.07,1,0.1,24,6,0.31919518871964275,1
78447,18792.9,1,0.21221184576498672,36,19,0.2395617423228422,1
195601,23089.27,1,0.1,24,16,0.11804269916820466,1
156394,42021.35,1,0.1,12,14,0.2686890162026676,1
105703,40937.46,1,0.2382227093220741,24,16,0.38728758881015674,1
106090,16188.37,1,0.1,12,8,0.15259091337543595,1
47260,14508.89,1,0.11077893860720449,36,6,0.30700148116800674,1
142581,22852.9,1,0.1,24,6,0.16028012147481083,1
33812,8816.42,1,0.38064361365020705,60,10,0.2607482550573761,1
189096,24393.94,1,0.1,24,5,0.1290029403054533,1
146148,34361.04,1,0.1,12,11,0.23511125708186223,1
188357,61564.3,1,0.1,24,14,0.32684901543345884,1
146421,29909.63,1,0.1,12,5,0.2042714501335191,1
31605,9464.86,0,0.22011943783503019,60,9,0.2994735010283183,0
102303,34643.38,1,0.1,12,15,0.3386350351407094,1
188211,71172.62,1,0.1,12,12,0.3781533491666268,1
106125,18082.92,1,0.1,12,7,0.17039265017667843,1
174990,38461.89,1,0.11831586013705414,24,18,0.21979478827361562,1
188518,27471.75,1,0.1,12,14,0.1457248114238428,1
154040,61268.65,1,0.1,24,10,0.39774506621656713,1
174118,65834.07,1,0.1,24,11,0.37810031128315286,1
185890,48700.79,1,0.1,24,14,0.2619871429339932,1
34324,12102.99,0,0.39472582075175017,60,4,0.35261012702482225,0
106323,27249.24,1,0.1,12,18,0.25628735080838577,1
39111,11227.82,1,0.20829776517592752,36,8,0.28707575873795094,1
199182,25243.79,1,0.1,24,11,0.12673730557982146,1
46389,15149.77,0,0.1,60,2,0.32658108603332686,0
152177,21048.22,1,0.1,12,8,0.1383140684860393,1
71427,24843.76,1,0.12914008564842386,36,5,0.347820292046425,1
189818,63514.7,1,0.1,24,15,0.33460841437587585,1
152883,47794.8,1,0.19405708130017552,24,13,0.3126233786621142,1
161189,17867.5,1,0.1,24,8,0.11084813479828028,1
155808,29749.75,1,0.1,24,11,0.19093852690490862,1
142221,25448.14,1,0.14657922090961883,24,11,0.17893377208710387,1
43234,8994.44,0,0.1,60,1,0.20804089374103715,0
83441,10538.0,1,0.1,36,5,0.126292829664074,1
30846,11755.02,0,0.12008734898570925,36,3,0.3810873370939506,0
40954,10899.53,1,0.15425662244570387,36,14,0.266140792108219,1
109239,20936.45,1,0.1,12,11,0.19165728357088585,1
76514,16763.79,1,0.19302365621647993,36,18,0.21909441409415273,1
118236,27686.23,1,0.22777028688576875,12,19,0.23416074630400216,1
127579,35744.87,1,0.1,24,19,0.280178320883531,1
167541,42673.33,1,0.1,24,19,0.254703803845029,1
191177,71847.68,1,0.1,12,19,0.37581759312051133,1
72101,17959.57,1,0.1,60,13,0.24908905563029637,1
94323,37507.3,1,0.1318179847665488,36,7,0.3976474454798936,1
121922,43334.43,1,0.1,12,15,0.3554274864257476,1
198048,32193.33,1,0.1,24,6,0.16255316892874455,1
157534,59733.52,1,0.1,12,11,0.3791785900186626,1
97584,13165.05,1,0.1,60,12,0.1349099237579931,1
134537,46446.87,1,0.1,12,5,0.3452349167886901,1
108477,23234.36,1,0.1,24,16,0.21418697050987767,1
72533,26357.93,0,0.1,60,4,0.3633922490452622,0
31828,11471.35,1,0.32618331473905166,36,9,0.36041692849063717,1
31917,10908.52,0,0.1,36,3,0.3417777360027572,0
50618,17058.73,1,0.2420918000031087,60,13,0.337009166699593,1
62254,11915.65,0,0.1,60,7,0.19140376521990554,0
135292,16813.52,1,0.1,24,15,0.12427578866451823,1
77362,17088.81,1,0.1,36,8,0.22089410821850522,1
50128,7622.33,0,0.32032231048918147,36,7,0.15205733322693904,0
153781,47439.18,1,0.1,12,16,0.3084853135302801,1
95545,19474.93,1,0.20921785968442227,36,18,0.2038299230728976,1
112180,44051.19,1,0.1,24,8,0.3926830985915493,1
117958,34478.14,1,0.17319256786603168,24,7,0.29229166313433597,1
170937,59271.41,1,0.1,24,10,0.34674418060455026,1
163291,22821.13,1,0.1,24,5,0.1397574269249377,1
69809,25033.81,0,0.18669462193639855,36,12,0.35860433468463954,0
146748,55298.63,1,0.17816188688467494,24,6,0.3768271458554801,1
35287,8684.79,0,0.18435500719012562,36,2,0.2461186839345935,0
195459,55095.18,1,0.1,12,6,0.28187589213083053,1
38512,12687.51,0,0.1,36,13,0.3294430307436643,0
162414,24760.27,1,0.10591542438910129,24,16,0.15245157437166748,1
138872,34824.91,1,0.1,24,5,0.25076984561322657,1
180288,39591.05,1,0.1,12,16,0.2195989195065673,1
123070,17711.27,1,0.1,24,11,0.14391216380921426,1
109767,23079.65,1,0.1,24,9,0.21026036969216616,1
127829,15397.22,1,0.1,12,12,0.12045169718921371,1
187686,20221.96,1,0.10922492982964488,24,8,0.10774357171019681,1
197330,27734.71,1,0.1,12,19,0.14054989104545684,1
72078,28033.62,1,0.32912603510372246,60,9,0.3889344876383917,1
136288,36097.08,1,0.1,12,19,0.26485882836346564,1
113524,44245.6,1,0.11753744449026435,12,14,0.3897466614988901,1
42219,9699.79,1,0.28696198731705513,60,14,0.22974940192804189,1
30235,5851.83,0,0.1665498801030354,36,7,0.19354489829667604,0
72929,18366.63,0,0.2933856940062521,36,6,0.2518426140492808,0
157309,36472.64,1,0.1642465851600991,24,8,0.23185348581454335,1
97444,12833.32,1,0.2590540470784018,36,19,0.13169943762571323,1
169639,49576.64,1,0.1,24,11,0.29224789110994526,1
131834,21727.75,1,0.1,24,16,0.1648114295250087,1
114555,32748.57,1,0.1,12,9,0.2858763912531099,1
103698,30597.17,1,0.2779481281784152,12,9,0.29506036760593257,1
154450,22489.07,1,0.1,12,19,0.14560744577533183,1
166487,19712.87,1,0.1,12,5,0.11840486043955384,1
197231,65920.22,1,0.1,24,6,0.3342284934924023,1
73925,17589.72,0,0.20122581637991901,36,5,0.23794007439972947,0
167023,19616.71,1,0.16199753843474635,24,17,0.11744915370936937,1
117388,46774.41,1,0.1,24,7,0.39845989368589635,1
38007,4459.52,1,0.1599747455172993,60,12,0.11733417528350042,1
88596,27332.8,1,0.1,36,17,0.3085105422366698,1
151101,59700.56,1,0.1,12,6,0.3951036723780782,1
191595,32907.21,1,0.1,12,18,0.17175401236984264,1
118861,16958.47,1,0.1,24,18,0.1426748050243562,1
116740,15925.14,1,0.20034871610225105,24,8,0.1364154531437382,1
45524,8694.29,1,0.3831458054109983,60,4,0.19098255865038224,1
180354,23502.6,1,0.1,24,8,0.1303137163578296,1
185002,56915.57,1,0.1,24,8,0.30764840380103997,1
161149,19126.38,1,0.1491542248461577,24,7,0.11868755003133746,1
155501,39314.8,1,0.1,12,17,0.2528266699249523,1
50611,20194.25,0,0.1,36,10,0.39900910869178635,0
178056,61285.29,1,0.1,12,11,0.34419109718290875,1
44060,12537.97,0,0.24996513365074988,60,5,0.2845658193372673,0
73303,14065.09,1,0.1,60,4,0.1918760487292471,1
190359,54665.16,1,0.10651255258029346,24,9,0.28716877058610313,1
69711,17993.28,0,0.13926381090340817,60,4,0.2581124930068425,0
173026,39419.65,1,0.1,24,15,0.22782500895819127,1
103340,14386.28,1,0.1,24,6,0.1392130830269015,1
132974,48665.99,1,0.1,12,6,0.365981244453803,1
179646,42205.2,1,0.1,12,9,0.23493537290003672,1
170256,26966.3,1,0.1,12,11,0.15838678225730665,1
180168,37894.34,1,0.1,12,14,0.21032780515962876,1
97728,21914.42,1,0.13570044507763532,36,14,0.22423890798952192,1
195088,67941.61,1,0.1,24,13,0.3482613487246781,1
41246,13202.2,0,0.34447113892244374,60,13,0.32008437181787325,0
179453,59361.52,1,0.1,12,11,0.3307914607167336,1
157796,16301.81,1,0.1,12,9,0.10330939947780679,1
197527,44413.2,1,0.1,24,14,0.22484622355424827,1
122263,29881.47,1,0.1,12,14,0.24440321274629284,1
165090,17459.54,1,0.1,24,14,0.10575770791689382,1
41302,7349.44,0,0.18187499555301834,36,9,0.17794392523364486,0
97506,31990.45,1,0.1,36,15,0.3280869895185937,1
71157,10042.59,1,0.3115207552918455,36,4,0.1411328470846157,1
84917,22128.78,1,0.2883911392527355,60,7,0.26059304968380886,1
126646,20840.94,1,0.21037810562143427,24,9,0.16456058620090647,1
113122,11723.54,1,0.1,24,12,0.10363625112710172,1
54519,9396.92,0,0.26738432509570476,60,5,0.17236046149048956,0
110910,43561.25,1,0.1,24,16,0.39276214949057797,1
150430,51215.57,1,0.1,24,5,0.3404611447184737,1
